<?xml version="1.0" encoding="UTF-8"?>
<project-private xmlns="http://www.netbeans.org/ns/project-private/1">
    <editor-bookmarks xmlns="http://www.netbeans.org/ns/editor-bookmarks/2" lastBookmarkId="0"/>
    <open-files xmlns="http://www.netbeans.org/ns/projectui-open-files/2">
        <group>
            <file>file:/C:/Users/patodi%20saree/Documents/NetBeansProjects/Pastisides_shop/src/Add.java</file>
            <file>file:/C:/Users/patodi%20saree/Documents/NetBeansProjects/Pastisides_shop/src/update.java</file>
            <file>file:/C:/Users/patodi%20saree/Documents/NetBeansProjects/Pastisides_shop/src/Home_page.java</file>
            <file>file:/C:/Users/patodi%20saree/Documents/NetBeansProjects/Pastisides_shop/src/products.java</file>
            <file>file:/C:/Users/patodi%20saree/Documents/NetBeansProjects/Pastisides_shop/src/load2.java</file>
            <file>file:/C:/Users/patodi%20saree/Documents/NetBeansProjects/Pastisides_shop/src/Farmer1.java</file>
            <file>file:/C:/Users/patodi%20saree/Documents/NetBeansProjects/Pastisides_shop/src/FinalBill.java</file>
            <file>file:/C:/Users/patodi%20saree/Documents/NetBeansProjects/Pastisides_shop/src/Bill.java</file>
            <file>file:/C:/Users/patodi%20saree/Documents/NetBeansProjects/Pastisides_shop/src/forward.java</file>
            <file>file:/C:/Users/patodi%20saree/Documents/NetBeansProjects/Pastisides_shop/src/load1.java</file>
            <file>file:/C:/Users/patodi%20saree/Documents/NetBeansProjects/Pastisides_shop/src/signup.java</file>
            <file>file:/C:/Users/patodi%20saree/Documents/NetBeansProjects/Pastisides_shop/src/farmer.java</file>
            <file>file:/C:/Users/patodi%20saree/Documents/NetBeansProjects/Pastisides_shop/src/login_page.java</file>
        </group>
    </open-files>
</project-private>
